drug_item_id,current_generic_name,current_brand_name,proposed_generic_name,proposed_brand_name,action_type,readiness,has_drug_diagnosis_links,official_source,official_evidence,risk_level,blocked_reason,recommended_next_step
14,IRBESARTAN 300MG + HYDROCHLORO,Aprovel 安普諾維(原廠),IRBESARTAN 300 MG,Aprovel 安普諾維(原廠),correct_generic_name,high_attention_dry_run,yes,NHI payment,"NHI payment; AB57864100; 成分: IRBESARTAN 300 MG; 英文: Heipo F.C. Tablets 300mg ""EVEREST""; 中文: ""永勝""愛必斯膜衣錠300毫克; ATC: C09CA04; staging_verified=yes",high,,可進 dry-run，但 apply 前需確認 /drug 顯示與既有 drug_diagnosis_links 語意不受影響。
17,Glimepiride2mg+Meformin500mg,Amaryl-M 美爾胰,GLIMEPIRIDE 2 MG,Amaryl-M 美爾胰,correct_generic_name,needs_dry_run_before_apply,no,NHI payment,NHI payment; A047172100; 成分: GLIMEPIRIDE 2 MG; 英文: Amepiride Tablets 2.0MG; 中文: 欣益糖錠 2.0 毫克; ATC: A10BB12; staging_verified=yes,medium,,先補更完整 evidence，再進 dry-run；不得直接 apply。
77,Valosartan80mg+Hydrochlorothia,Co- Diovan(80) 可得安穩 (諾華),losartan,Co- Diovan(80) 可得安穩 (諾華),correct_generic_name,blocked,no,TFDA ATC,TFDA ATC; 衛署藥製字第048990號; 英文: losartan; ATC: C09CA01; staging_verified=yes,high,現有品牌 Co-Diovan 通常語意可能涉及 valsartan/hydrochlorothiazide，官方候選 losartan 與現有品牌語意不一致，需更多來源或原始照片確認。,暫不納入 apply；先回原圖或另查官方品項，確認 Co-Diovan 對應成分。
4,Dextromethorphan20mg+Pot. Cres,Noncough(Medicon-A) 諾咳,POTASSIUM CRESOLSULFONATE 90 MG + LYSOZYME CHLORIDE 20 MG + DEXTROMETHORPHAN HBR 20 MG,MEDICON-A CAPSULES / 滅咳康複合膠囊,correct_generic_name,ready_for_dry_run,no,NHI payment,NHI payment; A021758100; 成分: POTASSIUM CRESOLSULFONATE 90 MG+LYSOZYME CHLORIDE 20 MG+DEXTROMETHORPHAN HBR 20 MG; 英文: MEDICON-A CAPSULES; 中文: 滅咳康複合膠囊; ATC: R05FA01; staging_verified=yes,medium,,可納入下一步 dry-run apply report；dry-run 通過後再評估是否建立 apply 腳本。
10,Cephalaxin,Keflex 賜福力欣,CEPHALEXIN MONOHYDRATE,"CEPHALEXIN MONOHYDRATE ""OPOS"" / 賜福力欣",correct_generic_name,ready_for_dry_run,no,TFDA license,"TFDA license; 衛署藥輸字第015885號; 成分: CEPHALEXIN MONOHYDRATE; 英文: CEPHALEXIN MONOHYDRATE ""OPOS""; 中文: 賜福力欣; staging_verified=yes",medium,,可納入下一步 dry-run apply report；dry-run 通過後再評估是否建立 apply 腳本。
13,"DIMETHYL 1, 4- 7-ISOPROPYLASUL",Azulene 安如寧,AZULENE,AZUKURENIN TABLETS / 愛胃寧錠,correct_generic_name,ready_for_dry_run,no,TFDA license,TFDA license; 衛署藥輸字第015277號; 成分: AZULENE; 英文: AZUKURENIN TABLETS; 中文: 愛胃寧錠; staging_verified=yes,medium,,可納入下一步 dry-run apply report；dry-run 通過後再評估是否建立 apply 腳本。
96,Bethamechol,Wecoli 胃可麗,BETHANECHOL CHLORIDE 25 MG,"WECOLI TABLETS 25MG / ""應元""胃可麗錠２５毫克",correct_generic_name,ready_for_dry_run,no,NHI payment,"NHI payment; AC37225100; 成分: BETHANECHOL CHLORIDE 25 MG; 英文: WECOLI TABLETS 25MG (BETHANECHOL CHLORIDE) ""YY""; 中文: ""應元""胃可麗錠２５毫克（氯化月尿酯膽生僉）; ATC: N07AB02; staging_verified=yes",medium,,可納入下一步 dry-run apply report；dry-run 通過後再評估是否建立 apply 腳本。
123,Beniel,Beniel 保你爾膜衣錠,BENIDIPINE HYDROCHLORIDE 4 MG,Beniel F.C. Tablets 4mg / 保你爾膜衣錠4毫克,correct_generic_name,ready_for_dry_run,no,NHI payment,NHI payment; A056633100; 成分: BENIDIPINE HYDROCHLORIDE 4 MG; 英文: Beniel F.C. Tablets 4mg; 中文: 保你爾膜衣錠4毫克; ATC: C08CA15; staging_verified=yes,medium,,可納入下一步 dry-run apply report；dry-run 通過後再評估是否建立 apply 腳本。
150,Urea,U/Sinpharderm cream 杏化,UREA,Soficome Cream / 芙澤適乳膏,add_alias_only,ready_for_dry_run,no,TFDA license,TFDA license; 衛部藥製字第060928號; 成分: UREA; 英文: Soficome Cream; 中文: 芙澤適乳膏; staging_verified=yes,low,,可納入下一步 dry-run apply report；dry-run 通過後再評估是否建立 apply 腳本。
