effective_nhi_drug_code,raw_nhi_drug_code,corrected_nhi_drug_code,source_photos,occurrence_count,official_drug_name_zh,official_drug_name_en,official_ingredient,official_atc_code,candidate_drug_item_id,drug_item_generic_name,drug_item_brand_name,match_method,confidence,candidate_status,reason,recommended_next_action
AA48333100,AA48333100,,IMG_7364.jpeg,2,欣促胰錠30毫克,GLUTAZONE TABLETS 30MG,PIOGLITAZONE 30 MG,A10BG03,47,Pioglitazone,Glitos/Glutazone 欣促胰,ingredient_match+brand_token_match+token_contains_match+zh_contains_match,high,strong_match,generic_name appears in official ingredient/name; official brand token hits: glutazone; official token hits: pioglitazone; official Chinese term hits: 欣促胰,review_and_approve_mapping
AB091021G0,AB091021G0,,IMG_7284.JPG,2,"""生達""心律錠10毫克",PROPRANOLOL TABLETS 10MG,PROPRANOLOL HCL 10 MG,C07AA05,64,Propranolol,Propranolol(Inderol) 心律,ingredient_match+brand_token_match+token_contains_match+zh_contains_match,high,strong_match,generic_name appears in official ingredient/name; official brand token hits: propranolol; official token hits: propranolol; official Chinese term hits: 心律,review_and_approve_mapping
AB307491G0,AB307491G0,,IMG_7364.jpeg; IMG_7508.JPG,2,來喜妥錠４０毫克（服樂泄麥）,RASITOL TABLETS 40MG (FUROSEMIDE),FUROSEMIDE 40 MG,C03CA01,40,Furosemide,Lasix/Rasitol 來喜妥,ingredient_match+brand_token_match+token_contains_match+zh_contains_match,high,strong_match,generic_name appears in official ingredient/name; official brand token hits: rasitol; official token hits: furosemide; official Chinese term hits: 來喜妥,review_and_approve_mapping
AB388671G0,AB388671G0,,IMG_7564.jpeg; IMG_7721.jpeg,3,"""生達""壓平樂膜衣錠５０毫克（阿廷諾）","ATEOL F.C. TABLETS 50MG ""STANDARD"" (ATENOLOL)",ATENOLOL 50 MG,C07AB03,58,Atenolol,Ateol(Tenomin)UROSIN 壓平樂,ingredient_match+brand_token_match+token_contains_match+zh_contains_match,high,strong_match,generic_name appears in official ingredient/name; official brand token hits: ateol; official token hits: atenolol; official Chinese term hits: 壓平樂,review_and_approve_mapping
AB45348100,AB45348100,,IMG_7203.jpeg,1,百適歐膜衣錠５公絲,BISO F.C. TABLETS 5MG,BISOPROLOL FUMARATE 5 MG,C07AB07,34,Bisoprolol,Biso 百適歐 更換普康膜衣錠(bisoprolol),ingredient_match+brand_token_match+token_contains_match+zh_contains_match,high,strong_match,generic_name appears in official ingredient/name; official brand token hits: biso; official token hits: bisoprolol; official Chinese term hits: 百適歐,review_and_approve_mapping
AB46766100,AB46766100,,IMG_7202.JPG,1,"""信東"" 革理蔓錠２毫克",GLIMARYL TABLETS 2MG (GLIMEPIRIDE),GLIMEPIRIDE 2 MG,A10BB12,6,Glimepiride,Glimaryl 騐理蔓,ingredient_match+brand_token_match+token_contains_match,high,strong_match,generic_name appears in official ingredient/name; official brand token hits: glimaryl; official token hits: glimepiride,review_and_approve_mapping
AB57178100,AB57178100,,IMG_7564.jpeg,1,"""生達""壓立安膜衣錠150毫克","APROTAN F.C. TAB. 150MG ""STANDARD""",IRBESARTAN 150 MG,C09CA04,60,Irbesartan,Aprotan 壓利安,ingredient_match+brand_token_match+token_contains_match,high,strong_match,generic_name appears in official ingredient/name; official brand token hits: aprotan; official token hits: irbesartan,review_and_approve_mapping
AB57312100,AB57312100,,IMG_7391.jpeg,3,志樂恆膜衣錠50毫克,"ACARBOSE F.C. TABLETS 50MG ""CYH""",ACARBOSE 50 MG,A10BF01,86,Acarbose,Acarbose 志樂恆,ingredient_match+brand_token_match+token_contains_match+zh_contains_match,high,strong_match,generic_name appears in official ingredient/name; official brand token hits: acarbose; official token hits: acarbose; official Chinese term hits: 志樂恆,review_and_approve_mapping
AB58075100,AB58075100,,IMG_7290.jpeg; IMG_7658.jpeg; IMG_7660.JPG,4,"""生達""壓悅達持續性藥效錠30毫克","ADAPINE S.R.F.C. TAB. 30MG ""STANDARD""",NIFEDIPINE 30 MG,C08CA05,62,Nifedipine,Adapine/Adalat 壓悅達,ingredient_match+brand_token_match+token_contains_match+zh_contains_match,high,strong_match,generic_name appears in official ingredient/name; official brand token hits: adapine; official token hits: nifedipine; official Chinese term hits: 壓悅達,review_and_approve_mapping
AC19420100,AC19420100,,IMG_7658.jpeg,2,"""杏輝"" 痛疏達膜衣錠500毫克（每非那）","PONSTAL F.C. TABLETS 500MG ""SINPHAR"" (MEFENAMIC ACID)",MEFENAMIC ACID 500 MG,M01AG01,25,Mefenamic acid,Ponstan/Ponstal 博疏痛,ingredient_match+brand_token_match+token_contains_match,high,strong_match,"generic_name appears in official ingredient/name; official brand token hits: ponstal; official token hits: acid, mefenamic",review_and_approve_mapping
AC198951G0,AC198951G0,,IMG_7367.JPG,1,"""榮民""心康寧糖衣錠25毫克(待匹力達)","CARDITONIN S.C. TABLETS 25MG (DIPYRIDAMOLE) ""VPP""",DIPYRIDAMOLE 25 MG,B01AC07,7,CARDITONIN S.C. TABLETS,CARDITONIN S.C. TABLETS 心康寧,ingredient_match+brand_token_match+token_contains_match+zh_contains_match,high,strong_match,generic_name appears in official ingredient/name; official brand token hits: carditonin; official token hits: carditonin; official Chinese term hits: 心康寧,review_and_approve_mapping
AC40106100,AC40106100; AC4D106100,AC40106100,IMG_7285.JPG; IMG_7564.jpeg,4,欣律錠100毫克,SYNORID TABLETS 100MG,ALLOPURINOL 100 MG,M04AA01,33,Allopurinol,Synorid 欣律,ingredient_match+brand_token_match+token_contains_match+zh_contains_match,high,strong_match,generic_name appears in official ingredient/name; official brand token hits: synorid; official token hits: allopurinol; official Chinese term hits: 欣律,review_and_approve_mapping
AC414881G0,AC414881G0,,IMG_7367.JPG; IMG_7562.JPG,4,"""正和""暢循持續性膜衣錠400毫克（配妥西菲林）","FYLIN RETARD F.C. TABLETS 400MG ""C.H.""(PENTOXIFYLLINE)",PENTOXIFYLLINE 400 MG,C04AD03,117,Pentoxifylline,Fylin 暢循,ingredient_match+brand_token_match+token_contains_match+zh_contains_match,high,strong_match,generic_name appears in official ingredient/name; official brand token hits: fylin; official token hits: pentoxifylline; official Chinese term hits: 暢循,review_and_approve_mapping
AC57805100,AC57805100; AC578051D0; AC57805L00; ACS7805100,AC57805100,IMG_7282.jpeg; IMG_7284.JPG; IMG_7364.jpeg; IMG_7396.JPG; IMG_7624.jpeg; IMG_7627.JPG; IMG_7660.JPG; IMG_7670.JPG; IMG_7721.jpeg,15,"""生達"" 立舒脂膜衣錠20毫克","ATORVA F.C. TAB. 20MG ""STANDARD"" (ATORVASTATIN)",ATORVASTATIN (CALCIUM) 20 MG,C10AA05,61,Atorvastatin,Atorva 立舒脂(立脂妥),ingredient_match+brand_token_match+token_contains_match+zh_contains_match,high,strong_match,generic_name appears in official ingredient/name; official brand token hits: atorva; official token hits: atorvastatin; official Chinese term hits: 立舒脂,review_and_approve_mapping
AC58316100,AC58316100,,IMG_7464.jpeg,2,優脂定膜衣錠5毫克,ROSUSTIN FILM COATED TABLETS 5MG,ROSUVASTATIN CALCIUM 5 MG,C10AA07,46,Rosuvastatin,Rosustin 優脂定,ingredient_match+brand_token_match+token_contains_match+zh_contains_match,high,strong_match,generic_name appears in official ingredient/name; official brand token hits: rosustin; official token hits: rosuvastatin; official Chinese term hits: 優脂定,review_and_approve_mapping
AC58534100,AC58534100; AC58534L00,AC58534100,IMG_7462.JPG; IMG_7670.JPG,4,寬樂醣膜衣錠500毫克,"METFORMIN F.C. TABLETS 500MG ""CYH""",METFORMIN HCL 500 MG,A10BA02,87,Metformin,Metformin 寬樂醣,ingredient_match+brand_token_match+token_contains_match+zh_contains_match,high,strong_match,generic_name appears in official ingredient/name; official brand token hits: metformin; official token hits: metformin; official Chinese term hits: 寬樂醣,review_and_approve_mapping
AC585341G0,AC585341G0,,IMG_7285.JPG; IMG_7364.jpeg; IMG_7721.jpeg,6,寬樂醣膜衣錠500毫克,"METFORMIN F.C. TABLETS 500MG ""CYH""",METFORMIN HCL 500 MG,A10BA02,87,Metformin,Metformin 寬樂醣,ingredient_match+brand_token_match+token_contains_match+zh_contains_match,high,strong_match,generic_name appears in official ingredient/name; official brand token hits: metformin; official token hits: metformin; official Chinese term hits: 寬樂醣,review_and_approve_mapping
AC59821100,AC59821100,,IMG_7462.JPG,2,安普新膜衣錠5/160毫克,EXFOPINE FILM-COATED TABLET 5/160MG,VALSARTAN 160 MG+AMLODIPINE BESYLATE 5 MG,C09DB01,43,VALSARTAN 160 MGAMLODIPINE BES,EXFOPINE 安普新,ingredient_match+brand_token_match+token_contains_match+zh_contains_match,high,strong_match,"generic_name appears in official ingredient/name; official brand token hits: exfopine; official token hits: mgamlodipine, valsartan; official Chinese term hits: 安普新",review_and_approve_mapping
AC60134100,AC60134100,,IMG_7391.jpeg; IMG_7462.JPG; IMG_7564.jpeg; IMG_7656.JPG,10,甜蜜克膜衣錠2/500毫克,TEMILG F.C. TABLETS 2/500MG,GLIMEPIRIDE 2 MG+METFORMIN HCL 500 MG,A10BD02,5,GLIMEPIRIDE 2MG + METFORMIN 50,Temilg F.C.  甜蜜克,brand_token_match+token_contains_match+zh_contains_match,high,strong_match,"official brand token hits: temilg; official token hits: glimepiride, metformin; official Chinese term hits: 甜蜜克",review_and_approve_mapping
AC61850100,AC61850100,,IMG_7282.jpeg; IMG_7367.JPG; IMG_7394.jpeg; IMG_7396.JPG; IMG_7624.jpeg,7,服克痛膜衣錠80毫克,FEKUTON FILM COATED TABLETS 80MG,FEBUXOSTAT 80 MG,M04AA03,12,Febuxostat,Fekuton/Fburic 服克痛,ingredient_match+brand_token_match+token_contains_match+zh_contains_match,high,strong_match,generic_name appears in official ingredient/name; official brand token hits: fekuton; official token hits: febuxostat; official Chinese term hits: 服克痛,review_and_approve_mapping
BA24876100,BA24876100,,IMG_7509.JPG,1,美爾胰膜衣錠 2/500 毫克,AMARYL M FILM-COATED TABLETS 2/500MG,GLIMEPIRIDE 2 MG+METFORMIN HCL 500 MG,A10BD02,17,Glimepiride2mg+Meformin500mg,Amaryl-M 美爾胰,brand_token_match+token_contains_match+zh_contains_match,high,strong_match,official brand token hits: amaryl; official token hits: glimepiride2mg; official Chinese term hits: 美爾胰,review_and_approve_mapping
BC171251G0,BC171251G0,,IMG_7284.JPG; IMG_7394.jpeg; IMG_7396.JPG,3,康肯５毫克,CONCOR 5,BISOPROLOL FUMARATE 5 MG,C07AB07,1,Bisoprolol,Concor 康肯,ingredient_match+brand_token_match+token_contains_match+zh_contains_match,high,strong_match,generic_name appears in official ingredient/name; official brand token hits: concor; official token hits: bisoprolol; official Chinese term hits: 康肯,review_and_approve_mapping
BC215311G0,BC215311G0,,IMG_7396.JPG,1,使蒂諾斯膜衣錠１０毫克,STILNOX FILM-COATED SCORED TABLETS 10MG,ZOLPIDEM TARTRATE 10 MG,N05CF02,19,Zolpidem,Stilnox10mg 使蒂諾斯(管制藥),ingredient_match+token_contains_match+zh_contains_match,high,strong_match,generic_name appears in official ingredient/name; official token hits: zolpidem; official Chinese term hits: 使蒂諾斯,review_and_approve_mapping
BC21571100,BC21571100; BC2157L100,BC21571100,IMG_7202.JPG; IMG_7285.JPG; IMG_7394.jpeg; IMG_7396.JPG; IMG_7464.jpeg; IMG_7624.jpeg; IMG_7627.JPG; IMG_7655.JPG; IMG_7721.jpeg,15,脈優錠５毫克,NORVASC TABLETS 5MG,AMLODIPINE (BESYLATE) 5 MG,C08CA01,21,Amlodipine,Norvasc 脈優,ingredient_match+brand_token_match+token_contains_match+zh_contains_match,high,strong_match,generic_name appears in official ingredient/name; official brand token hits: norvasc; official token hits: amlodipine; official Chinese term hits: 脈優,review_and_approve_mapping
BC22889100,BC22889100,,IMG_7202.JPG; IMG_7509.JPG,4,立普妥 膜衣錠４０毫克,LIPITOR FILM-COATED TABLETS 40MG,ATORVASTATIN (CALCIUM) 40 MG,C10AA05,24,Atorvastatin,Lipitor 立普妥,ingredient_match+brand_token_match+token_contains_match+zh_contains_match,high,strong_match,generic_name appears in official ingredient/name; official brand token hits: lipitor; official token hits: atorvastatin; official Chinese term hits: 立普妥,review_and_approve_mapping
BC24131100,BC24131100; BC2413L100,BC24131100,IMG_7285.JPG; IMG_7391.jpeg; IMG_7564.jpeg,5,冠脂妥膜衣錠10毫克,CRESTOR 10MG FILM-COATED TABLETS,ROSUVASTATIN CALCIUM 10 MG,C10AA07,69,Rosuvastatin,Crestor 冠脂妥(阿斯),ingredient_match+brand_token_match+token_contains_match+zh_contains_match,high,strong_match,generic_name appears in official ingredient/name; official brand token hits: crestor; official token hits: rosuvastatin; official Chinese term hits: 冠脂妥,review_and_approve_mapping
BC24403100,BC24403100,,IMG_7290.jpeg,1,活路利淨D 持續釋放口溶錠0.2毫克,HARNALIDGE D TABLETS 0.2MG,TAMSULOSIN HCL .2 MG,G04CA02,18,Tamsulosin,Harnalidge D 活路利淨,ingredient_match+brand_token_match+token_contains_match+zh_contains_match,high,strong_match,generic_name appears in official ingredient/name; official brand token hits: harnalidge; official token hits: tamsulosin; official Chinese term hits: 活路利淨,review_and_approve_mapping
BC25005100,BC25005100,,IMG_7510.jpeg,2,德國第一三共雅脈 膜衣錠 40 毫克,OLMETEC FILM COATED TABLETS 40MG,OLMESARTAN MEDOXOMIL 40 MG,C09CA08,67,Olmesartan,Olmetec 雅脈,ingredient_match+brand_token_match+token_contains_match+zh_contains_match,high,strong_match,generic_name appears in official ingredient/name; official brand token hits: olmetec; official token hits: olmesartan; official Chinese term hits: 雅脈,review_and_approve_mapping
BC25446100,BC25446100,,IMG_7203.jpeg,1,倍必康平錠80/5毫克,TWYNSTA TABLETS 80/5MG,TELMISARTAN 80 MG+AMLODIPINE (BESYLATE) 5 MG,C09DB04,75,Telmisartan,MICARDIS 必康平,ingredient_match+token_contains_match+zh_contains_match,high,strong_match,generic_name appears in official ingredient/name; official token hits: telmisartan; official Chinese term hits: 必康平,review_and_approve_mapping
BC25537100,BC25537100,,IMG_7202.JPG,1,糖漸平膜衣錠 5毫克,TRAJENTA 5MG FILM-COATED TABLETS,LINAGLIPTIN 5 MG,A10BH05,78,Linagliptin,TRAJENTA 糖漸平,ingredient_match+brand_token_match+token_contains_match+zh_contains_match,high,strong_match,generic_name appears in official ingredient/name; official brand token hits: trajenta; official token hits: linagliptin; official Chinese term hits: 糖漸平,review_and_approve_mapping
BC27467100,BC27467100,,IMG_7509.JPG,1,控糖穩膜衣錠5毫克/10毫克,QTERN 5MG/10MG FILM-COATED TABLETS,DAPAGLIFLOZIN 10 MG+SAXAGLIPTIN 5 MG,A10BD21,81,Saxagliptin5mg+Dapagliflozin10,Qtern 5mg/10mg 控糖穩,brand_token_match+token_contains_match+zh_contains_match,high,strong_match,"official brand token hits: 10mg, qtern; official token hits: dapagliflozin10, saxagliptin5mg; official Chinese term hits: 控糖穩",review_and_approve_mapping
KC01053216,KC01053216; KC0L053216,KC01053216,IMG_7509.JPG; IMG_7510.jpeg,2,諾胰得 諾特筆,RYZODEG? FLEXTOUCH?,INSULIN DEGLUDEC 70 U/ML (UNIT+INSULIN ASPART 30 U/ML (UNIT/ML),A10AD06,129,Insulin degludec,Tresiba FlexTouch 諾胰保諾特筆,ingredient_match+brand_token_match+token_contains_match,high,strong_match,"generic_name appears in official ingredient/name; official brand token hits: flextouch; official token hits: degludec, insulin",review_and_approve_mapping
AC415191G0,AC415191G0,,IMG_7284.JPG; IMG_7508.JPG; IMG_7658.jpeg; IMG_7675.JPG,6,"""強生"" 福安源錠０．２５公絲（氟二氮平）","FLUPINE TABLETS 0.25MG (FLUDIAZEPAM) ""JOHNSON""",FLUDIAZEPAM 250 MCG,N05BA17,,,,no_match,low,no_drug_item_match,No drug_items generic/brand/alias matched official NHI name or ingredient.,do_not_create_mapping_until_drug_item_review
