drug_item_id,generic_name,brand_name,aliases,table_type,item_kind,category,supplier,manufacturer,has_drug_diagnosis_links,official_source,official_code_or_license,official_name_zh,official_name_en,official_ingredient,official_atc_code,audit_status,match_method,confidence,suspected_issue,review_decision,decision_reason,draft_correct_generic_name,draft_correct_brand_name,alias_suggestion,risk_level,recommended_next_action
14,IRBESARTAN 300MG + HYDROCHLORO,Aprovel 安普諾維(原廠),,oral,oral_drug,口服藥,大昌華嘉,賽諾菲,yes,NHI payment,AB57864100,"""永勝""愛必斯膜衣錠300毫克","Heipo F.C. Tablets 300mg ""EVEREST""",IRBESARTAN 300 MG,C09CA04,likely_correct_but_missing_fields,ingredient_match,low,truncation; likely correct but missing fields; possible ingredient/brand mismatch,needs_original_photo_review,Aprovel 通常對應 irbesartan，現有 generic_name 卻含 Hydrochloro 截斷字串，且此品項已有 drug_diagnosis_links；需回原圖確認是否其實是 Co-Aprovel 或 OCR 混入下一列。,,,Aprovel; Irbesartan,high,人工抽查後納入官方欄位補強候選
17,Glimepiride2mg+Meformin500mg,Amaryl-M 美爾胰,,oral,oral_drug,口服藥,大昌華嘉,賽諾菲,no,NHI payment,A047172100,欣益糖錠 2.0 毫克,Amepiride Tablets 2.0MG,GLIMEPIRIDE 2 MG,A10BB12,likely_correct_but_missing_fields,ingredient_match,low,OCR typo; truncation; likely correct but missing fields,needs_original_photo_review,Meformin 疑似 Metformin 錯字，Amaryl-M 語意支持 Glimepiride + Metformin，但官方候選只穩定對到 Glimepiride 2 MG；需回原圖確認完整劑量與商品名。,Glimepiride 2mg + Metformin 500mg,Amaryl-M 美爾胰,Glimepiride; Metformin; Amaryl-M,high,人工抽查後納入官方欄位補強候選
77,Valosartan80mg+Hydrochlorothia,Co- Diovan(80) 可得安穩 (諾華),,oral,oral_drug,口服藥,裕利,諾華,no,TFDA ATC,衛署藥製字第048990號,,losartan,,C09CA01,likely_correct_but_missing_fields,contains_match,low,OCR typo; truncation; likely correct but missing fields,needs_original_photo_review,Valosartan 疑似 Valsartan，Hydrochlorothia 明顯截斷；Co-Diovan(80) 支持 Valsartan + Hydrochlorothiazide，但官方候選來源異常對到 losartan/ATC，需回原圖與官方品名確認。,Valsartan 80mg + Hydrochlorothiazide,Co-Diovan(80) 可得安穩 (諾華),Co-Diovan; Valsartan; Hydrochlorothiazide,high,人工抽查後納入官方欄位補強候選
4,Dextromethorphan20mg+Pot. Cres,Noncough(Medicon-A) 諾咳,,oral,oral_drug,口服藥,信東,信東,no,NHI payment,A021758100,滅咳康複合膠囊,MEDICON-A CAPSULES,POTASSIUM CRESOLSULFONATE 90 MG+LYSOZYME CHLORIDE 20 MG+DEXTROMETHORPHAN HBR 20 MG,R05FA01,likely_correct,brand_match,high,truncation; likely correct official brand match,needs_original_photo_review,Medicon-A/諾咳 與官方品名高度一致，但 generic_name 只列 Dextromethorphan + Pot. Cres 並截斷，官方成分還包含 Lysozyme Chloride；修正前應回原圖確認完整成分。,Dextromethorphan HBr 20mg + Potassium Cresolsulfonate 90mg + Lysozyme Chloride 20mg,Noncough(Medicon-A) 諾咳,Medicon-A; Noncough; 諾咳,medium,低優先；可後續補官方代碼欄位設計
10,Cephalaxin,Keflex 賜福力欣,,oral,oral_drug,口服藥,信東,信東,no,TFDA license,衛署藥輸字第015885號,賜福力欣,"CEPHALEXIN MONOHYDRATE ""OPOS""",CEPHALEXIN MONOHYDRATE,,likely_correct,brand_match,high,OCR typo,correct_generic_name,品牌 Keflex/賜福力欣 與官方中文品名一致，Cephalaxin 高度疑似 Cephalexin 拼字錯誤；可列入第一批 generic_name 修正候選。,Cephalexin,Keflex 賜福力欣,Cephalexin; Keflex; 賜福力欣,medium,低優先；可後續補官方代碼欄位設計
13,"DIMETHYL 1, 4- 7-ISOPROPYLASUL",Azulene 安如寧,,oral,oral_drug,口服藥,大道,世達,no,TFDA license,衛署藥輸字第015277號,愛胃寧錠,AZUKURENIN TABLETS,AZULENE,,likely_correct,ingredient_match,high,truncation; possible OCR typo,needs_original_photo_review,Azulene/安如寧 與官方成分 AZULENE 對得上，但現有 generic_name 是截斷化學名，不宜未看原圖就覆蓋成分欄位。,Azulene,Azulene 安如寧,Azulene; 安如寧; AZUKURENIN,medium,低優先；可後續補官方代碼欄位設計
96,Bethamechol,Wecoli 胃可麗,,oral,oral_drug,口服藥,強生,應元,no,NHI payment,AC37225100,"""應元""胃可麗錠２５毫克（氯化月尿酯膽生僉）","WECOLI TABLETS 25MG (BETHANECHOL CHLORIDE) ""YY""",BETHANECHOL CHLORIDE 25 MG,N07AB02,ambiguous_multiple_candidates,ambiguous_contains_match,low,OCR typo; ambiguous multiple candidates,correct_generic_name,Wecoli/胃可麗 對到官方 WECOLI TABLETS 25MG，Bethamechol 高度疑似 Bethanechol 拼字錯誤；雖有多候選，這筆官方品名與成分足以作為修正草案。,Bethanechol chloride,Wecoli 胃可麗,Bethanechol; Wecoli; 胃可麗,medium,人工選定正確官方候選；不可自動套用
123,Beniel,Beniel 保你爾膜衣錠,,oral,oral_drug,口服藥,健喬信元,健喬信元,no,NHI payment,A056633100,保你爾膜衣錠4毫克,Beniel F.C. Tablets 4mg,BENIDIPINE HYDROCHLORIDE 4 MG,C08CA15,ambiguous_multiple_candidates,ambiguous_contains_match,low,ambiguous multiple candidates; generic/brand split issue,correct_generic_name,Beniel 是商品名，不像學名；官方候選顯示成分為 Benidipine Hydrochloride 4 MG，建議把 generic_name 修為成分名並保留 Beniel 作 brand/alias。,Benidipine hydrochloride 4mg,Beniel 保你爾膜衣錠,Beniel; 保你爾; Benidipine,medium,人工選定正確官方候選；不可自動套用
150,Urea,U/Sinpharderm cream 杏化,,topical,topical_drug,外用藥,杏輝,杏輝,no,TFDA license,衛部藥製字第060928號,芙澤適乳膏,Soficome Cream,UREA,,likely_correct,ingredient_match,high,short name; likely correct but missing fields,keep_current,Urea 與官方成分 UREA 一致；名稱短但外用藥情境合理，先保留現值，後續只需補官方 reference 欄位或 alias。,,,Urea; Soficome; Sinpharderm cream,low,低優先；可後續補官方代碼欄位設計
