drug_item_id,drug_item_generic_name,drug_item_brand_name,code_type,code_value,official_source_table,official_source_version,official_drug_name_zh,official_drug_name_en,official_ingredient,official_atc_code,match_method,confidence,review_status,review_decision,note_text,ready_to_apply
1,Bisoprolol,Concor 康肯,NHI,BC171251G0,official_nhi_drug_payment_staging,official_drug_raw_20260522,康肯５毫克,CONCOR 5,BISOPROLOL FUMARATE 5 MG,C07AB07,prescription_nhi_code,high,auto_accepted,approve,From drug_items.nhi_drug_code primary code; official NHI matches=1; evidence official_nhi_drug_payment_staging.id=105642; effective=1120401~9991231.,true
5,GLIMEPIRIDE 2MG + METFORMIN 50,Temilg F.C.  甜蜜克,NHI,AC60134100,official_nhi_drug_payment_staging,official_drug_raw_20260522,甜蜜克膜衣錠2/500毫克,Temilg F.C. Tablets 2/500mg,GLIMEPIRIDE 2 MG+METFORMIN HCL 500 MG,A10BD02,prescription_nhi_code,high,auto_accepted,approve,From drug_items.nhi_drug_code primary code; official NHI matches=7; evidence official_nhi_drug_payment_staging.id=39679; effective=1150401~9991231.,true
6,Glimepiride,Glimaryl 騐理蔓,NHI,AB46766100,official_nhi_drug_payment_staging,official_drug_raw_20260522,"""信東"" 革理蔓錠２毫克",GLIMARYL TABLETS 2MG (GLIMEPIRIDE),GLIMEPIRIDE 2 MG,A10BB12,prescription_nhi_code,high,auto_accepted,approve,From drug_items.nhi_drug_code primary code; official NHI matches=10; evidence official_nhi_drug_payment_staging.id=36606; effective=1150401~9991231.,true
7,CARDITONIN S.C. TABLETS,CARDITONIN S.C. TABLETS 心康寧,NHI,AC198951G0,official_nhi_drug_payment_staging,official_drug_raw_20260522,"""榮民""心康寧糖衣錠25毫克(待匹力達)","CARDITONIN S.C. TABLETS 25MG (DIPYRIDAMOLE) ""VPP""",DIPYRIDAMOLE 25 MG,B01AC07,prescription_nhi_code,high,auto_accepted,approve,From drug_items.nhi_drug_code primary code; official NHI matches=1; evidence official_nhi_drug_payment_staging.id=188156; effective=1030801~9991231.,true
12,Febuxostat,Fekuton/Fburic 服克痛,NHI,AC61850100,official_nhi_drug_payment_staging,official_drug_raw_20260522,服克痛膜衣錠80毫克,Fekuton Film Coated Tablets 80mg,Febuxostat 80 MG,M04AA03,prescription_nhi_code,high,auto_accepted,approve,From drug_items.nhi_drug_code primary code; official NHI matches=3; evidence official_nhi_drug_payment_staging.id=193694; effective=1150401~9991231.,true
17,Glimepiride2mg+Meformin500mg,Amaryl-M 美爾胰,NHI,BA24876100,official_nhi_drug_payment_staging,official_drug_raw_20260522,美爾胰膜衣錠 2/500 毫克,Amaryl M Film-coated Tablets 2/500mg,GLIMEPIRIDE 2 MG+METFORMIN HCL 500 MG,A10BD02,prescription_nhi_code,high,auto_accepted,approve,From drug_items.nhi_drug_code primary code; official NHI matches=10; evidence official_nhi_drug_payment_staging.id=38985; effective=1150401~9991231.,true
18,Tamsulosin,Harnalidge D 活路利淨,NHI,BC24403100,official_nhi_drug_payment_staging,official_drug_raw_20260522,活路利淨D 持續釋放口溶錠0.2毫克,Harnalidge D tablets 0.2mg,TAMSULOSIN HCL .2 MG,G04CA02,prescription_nhi_code,high,auto_accepted,approve,From drug_items.nhi_drug_code primary code; official NHI matches=10; evidence official_nhi_drug_payment_staging.id=26634; effective=1130401~9991231.,true
19,Zolpidem,Stilnox10mg 使蒂諾斯(管制藥),NHI,BC215311G0,official_nhi_drug_payment_staging,official_drug_raw_20260522,使蒂諾斯膜衣錠１０毫克,STILNOX FILM-COATED SCORED TABLETS 10MG,ZOLPIDEM TARTRATE 10 MG,N05CF02,prescription_nhi_code,high,auto_accepted,approve,From drug_items.nhi_drug_code primary code; official NHI matches=1; evidence official_nhi_drug_payment_staging.id=139975; effective=1080601~9991231.,true
21,Amlodipine,Norvasc 脈優,NHI,BC21571100,official_nhi_drug_payment_staging,official_drug_raw_20260522,脈優錠５毫克,NORVASC TABLETS 5MG,AMLODIPINE (BESYLATE) 5 MG,C08CA01,prescription_nhi_code,high,auto_accepted,approve,From drug_items.nhi_drug_code primary code; official NHI matches=11; evidence official_nhi_drug_payment_staging.id=106558; effective=1140401~9991231.,true
24,Atorvastatin,Lipitor 立普妥,NHI,BC22889100,official_nhi_drug_payment_staging,official_drug_raw_20260522,立普妥　膜衣錠４０毫克,LIPITOR FILM-COATED TABLETS 40MG,ATORVASTATIN (CALCIUM) 40 MG,C10AA05,prescription_nhi_code,high,auto_accepted,approve,From drug_items.nhi_drug_code primary code; official NHI matches=13; evidence official_nhi_drug_payment_staging.id=198092; effective=1150401~9991231.,true
25,Mefenamic acid,Ponstan/Ponstal 博疏痛,NHI,AC19420100,official_nhi_drug_payment_staging,official_drug_raw_20260522,"""杏輝"" 痛疏達膜衣錠500毫克（每非那）","PONSTAL F.C. TABLETS 500MG ""SINPHAR"" (MEFENAMIC ACID)",MEFENAMIC ACID 500 MG,M01AG01,prescription_nhi_code,high,auto_accepted,approve,From drug_items.nhi_drug_code primary code; official NHI matches=2; evidence official_nhi_drug_payment_staging.id=205508; effective=1001201~9991231.,true
33,Allopurinol,Synorid 欣律,NHI,AC40106100,official_nhi_drug_payment_staging,official_drug_raw_20260522,欣律錠100毫克,SYNORID TABLETS 100MG,ALLOPURINOL 100 MG,M04AA01,prescription_nhi_code,high,auto_accepted,approve,From drug_items.nhi_drug_code primary code; official NHI matches=1; evidence official_nhi_drug_payment_staging.id=24100; effective=1010201~9991231.,true
34,Bisoprolol,Biso 百適歐 更換普康膜衣錠(bisoprolol),NHI,AB45348100,official_nhi_drug_payment_staging,official_drug_raw_20260522,百適歐膜衣錠５公絲,BISO F.C. TABLETS 5MG,BISOPROLOL FUMARATE 5 MG,C07AB07,prescription_nhi_code,high,auto_accepted,approve,From drug_items.nhi_drug_code primary code; official NHI matches=11; evidence official_nhi_drug_payment_staging.id=100613; effective=1150401~9991231.,true
40,Furosemide,Lasix/Rasitol 來喜妥,NHI,AB307491G0,official_nhi_drug_payment_staging,official_drug_raw_20260522,來喜妥錠４０毫克（服樂泄麥）,RASITOL TABLETS 40MG (FUROSEMIDE),FUROSEMIDE 40 MG,C03CA01,prescription_nhi_code,high,auto_accepted,approve,From drug_items.nhi_drug_code primary code; official NHI matches=1; evidence official_nhi_drug_payment_staging.id=88707; effective=1010201~9991231.,true
43,VALSARTAN 160 MGAMLODIPINE BES,EXFOPINE 安普新,NHI,AC59821100,official_nhi_drug_payment_staging,official_drug_raw_20260522,安普新膜衣錠5/160毫克,Exfopine Film-Coated Tablet 5/160mg,VALSARTAN 160 MG+AMLODIPINE BESYLATE 5 MG,C09DB01,prescription_nhi_code,high,auto_accepted,approve,From drug_items.nhi_drug_code primary code; official NHI matches=7; evidence official_nhi_drug_payment_staging.id=177257; effective=1140901~9991231.,true
46,Rosuvastatin,Rosustin 優脂定,NHI,AC58316100,official_nhi_drug_payment_staging,official_drug_raw_20260522,優脂定膜衣錠5毫克,Rosustin Film Coated Tablets 5mg,ROSUVASTATIN CALCIUM 5 MG,C10AA07,prescription_nhi_code,high,auto_accepted,approve,From drug_items.nhi_drug_code primary code; official NHI matches=10; evidence official_nhi_drug_payment_staging.id=93221; effective=1140401~9991231.,true
47,Pioglitazone,Glitos/Glutazone 欣促胰,NHI,AA48333100,official_nhi_drug_payment_staging,official_drug_raw_20260522,欣促胰錠30毫克,Glutazone Tablets 30mg,PIOGLITAZONE 30 MG,A10BG03,prescription_nhi_code,high,auto_accepted,approve,From drug_items.nhi_drug_code primary code; official NHI matches=9; evidence official_nhi_drug_payment_staging.id=91810; effective=1140401~9991231.,true
58,Atenolol,Ateol(Tenomin)UROSIN 壓平樂,NHI,AB388671G0,official_nhi_drug_payment_staging,official_drug_raw_20260522,"""生達""壓平樂膜衣錠５０毫克（阿廷諾）","ATEOL F.C. TABLETS 50MG ""STANDARD"" (ATENOLOL)",ATENOLOL 50 MG,C07AB03,prescription_nhi_code,high,auto_accepted,approve,From drug_items.nhi_drug_code primary code; official NHI matches=1; evidence official_nhi_drug_payment_staging.id=100518; effective=1011201~9991231.,true
60,Irbesartan,Aprotan 壓利安,NHI,AB57178100,official_nhi_drug_payment_staging,official_drug_raw_20260522,"""生達""壓立安膜衣錠150毫克","Aprotan F.C. Tab. 150mg ""Standard""",IRBESARTAN 150 MG,C09CA04,prescription_nhi_code,high,auto_accepted,approve,From drug_items.nhi_drug_code primary code; official NHI matches=10; evidence official_nhi_drug_payment_staging.id=177159; effective=1130401~9991231.,true
61,Atorvastatin,Atorva 立舒脂(立脂妥),NHI,AC57805100,official_nhi_drug_payment_staging,official_drug_raw_20260522,"""生達"" 立舒脂膜衣錠20毫克","Atorva F.C. Tab. 20mg ""Standard"" (Atorvastatin)",ATORVASTATIN (CALCIUM) 20 MG,C10AA05,prescription_nhi_code,high,auto_accepted,approve,From drug_items.nhi_drug_code primary code; official NHI matches=12; evidence official_nhi_drug_payment_staging.id=198660; effective=1150401~9991231.,true
62,Nifedipine,Adapine/Adalat 壓悅達,NHI,AB58075100,official_nhi_drug_payment_staging,official_drug_raw_20260522,"""生達""壓悅達持續性藥效錠30毫克","Adapine S.R.F.C. Tab. 30mg ""Standard""",NIFEDIPINE 30 MG,C08CA05,prescription_nhi_code,high,auto_accepted,approve,From drug_items.nhi_drug_code primary code; official NHI matches=9; evidence official_nhi_drug_payment_staging.id=100815; effective=1150401~9991231.,true
64,Propranolol,Propranolol(Inderol) 心律,NHI,AB091021G0,official_nhi_drug_payment_staging,official_drug_raw_20260522,"""生達""心律錠10毫克",PROPRANOLOL TABLETS 10MG,PROPRANOLOL HCL 10 MG,C07AA05,prescription_nhi_code,high,auto_accepted,approve,From drug_items.nhi_drug_code primary code; official NHI matches=1; evidence official_nhi_drug_payment_staging.id=101699; effective=1021201~9991231.,true
67,Olmesartan,Olmetec 雅脈,NHI,BC25005100,official_nhi_drug_payment_staging,official_drug_raw_20260522,德國第一三共雅脈 膜衣錠 40 毫克,Olmetec film coated tablets 40mg,OLMESARTAN MEDOXOMIL 40 MG,C09CA08,prescription_nhi_code,high,auto_accepted,approve,From drug_items.nhi_drug_code primary code; official NHI matches=10; evidence official_nhi_drug_payment_staging.id=179044; effective=1130401~9991231.,true
69,Rosuvastatin,Crestor 冠脂妥(阿斯),NHI,BC24131100,official_nhi_drug_payment_staging,official_drug_raw_20260522,冠脂妥膜衣錠10毫克,CRESTOR 10MG FILM-COATED TABLETS,ROSUVASTATIN CALCIUM 10 MG,C10AA07,prescription_nhi_code,high,auto_accepted,approve,From drug_items.nhi_drug_code primary code; official NHI matches=10; evidence official_nhi_drug_payment_staging.id=94836; effective=1150401~9991231.,true
75,Telmisartan,MICARDIS 必康平,NHI,BC25446100,official_nhi_drug_payment_staging,official_drug_raw_20260522,倍必康平錠80/5毫克,Twynsta Tablets 80/5mg,TELMISARTAN 80 MG+AMLODIPINE (BESYLATE) 5 MG,C09DB04,prescription_nhi_code,high,auto_accepted,approve,From drug_items.nhi_drug_code primary code; official NHI matches=12; evidence official_nhi_drug_payment_staging.id=180510; effective=1140401~9991231.,true
78,Linagliptin,TRAJENTA 糖漸平,NHI,BC25537100,official_nhi_drug_payment_staging,official_drug_raw_20260522,糖漸平膜衣錠 5毫克,Trajenta 5mg Film-Coated Tablets,LINAGLIPTIN 5 MG,A10BH05,prescription_nhi_code,high,auto_accepted,approve,From drug_items.nhi_drug_code primary code; official NHI matches=15; evidence official_nhi_drug_payment_staging.id=38758; effective=1140601~9991231.,true
81,Saxagliptin5mg+Dapagliflozin10,Qtern 5mg/10mg 控糖穩,NHI,BC27467100,official_nhi_drug_payment_staging,official_drug_raw_20260522,控糖穩膜衣錠5毫克/10毫克,Qtern 5mg/10mg Film-Coated Tablets,DAPAGLIFLOZIN 10 MG+SAXAGLIPTIN 5 MG,A10BD21,prescription_nhi_code,high,auto_accepted,approve,From drug_items.nhi_drug_code primary code; official NHI matches=6; evidence official_nhi_drug_payment_staging.id=39462; effective=1150401~9991231.,true
86,Acarbose,Acarbose 志樂恆,NHI,AB57312100,official_nhi_drug_payment_staging,official_drug_raw_20260522,志樂恆膜衣錠50毫克,"Acarbose F.C. Tablets 50mg ""CYH""",ACARBOSE 50 MG,A10BF01,prescription_nhi_code,high,auto_accepted,approve,From drug_items.nhi_drug_code primary code; official NHI matches=13; evidence official_nhi_drug_payment_staging.id=37476; effective=1150401~9991231.,true
87,Metformin,Metformin 寬樂醣,NHI,AC585341G0,official_nhi_drug_payment_staging,official_drug_raw_20260522,寬樂醣膜衣錠500毫克,"Metformin F.C. Tablets 500mg ""CYH""",METFORMIN HCL 500 MG,A10BA02,prescription_nhi_code,high,auto_accepted,approve,From drug_items.nhi_drug_code primary code; official NHI matches=1; evidence official_nhi_drug_payment_staging.id=37616; effective=1041201~9991231.,true
117,Pentoxifylline,Fylin 暢循,NHI,AC414881G0,official_nhi_drug_payment_staging,official_drug_raw_20260522,"""正和""暢循持續性膜衣錠400毫克（配妥西菲林）","FYLIN RETARD F.C. TABLETS 400MG ""C.H.""(PENTOXIFYLLINE)",PENTOXIFYLLINE 400 MG,C04AD03,prescription_nhi_code,high,auto_accepted,approve,From drug_items.nhi_drug_code primary code; official NHI matches=1; evidence official_nhi_drug_payment_staging.id=174196; effective=1080201~9991231.,true
129,Insulin degludec,Tresiba FlexTouch 諾胰保諾特筆,NHI,KC01053216,official_nhi_drug_payment_staging,official_drug_raw_20260522,諾胰得 諾特筆,Ryzodeg? FlexTouch?,insulin degludec 70 U/ML (UNIT+INSULIN ASPART 30 U/ML (UNIT/ML),A10AD06,prescription_nhi_code,high,auto_accepted,approve,From drug_items.nhi_drug_code primary code; official NHI matches=3; evidence official_nhi_drug_payment_staging.id=40402; effective=1140401~9991231.,true
