raw_nhi_drug_code,normalized_nhi_drug_code,occurrence_count,source_photos,current_join_status,classification,proposed_corrected_code,corrected_join_status,official_drug_name_zh,official_drug_name_en,official_ingredient,reason,recommended_next_action
AA48333100,AA48333100,2,IMG_7364.jpeg,matched,official_match,,not_needed,欣促胰錠30毫克,Glutazone Tablets 30mg,PIOGLITAZONE 30 MG,already joins official NHI staging,keep_for_review_candidate
AB091021G0,AB091021G0,2,IMG_7284.JPG,matched,official_match,,not_needed,"""生達""心律錠10毫克",PROPRANOLOL TABLETS 10MG,PROPRANOLOL HCL 10 MG,already joins official NHI staging,keep_for_review_candidate
AB230371GO,AB230371GO,3,IMG_7203.jpeg,unmatched,needs_manual_review,,unmatched,,,,does not satisfy strict NHI code pattern and no conservative correction matched official NHI,manual_review_or_exclude
AB307491G0,AB307491G0,2,IMG_7364.jpeg; IMG_7508.JPG,matched,official_match,,not_needed,來喜妥錠４０毫克（服樂泄麥）,RASITOL TABLETS 40MG (FUROSEMIDE),FUROSEMIDE 40 MG,already joins official NHI staging,keep_for_review_candidate
AB388671G0,AB388671G0,3,IMG_7564.jpeg; IMG_7721.jpeg,matched,official_match,,not_needed,"""生達""壓平樂膜衣錠５０毫克（阿廷諾）","ATEOL F.C. TABLETS 50MG ""STANDARD"" (ATENOLOL)",ATENOLOL 50 MG,already joins official NHI staging,keep_for_review_candidate
AB45348100,AB45348100,1,IMG_7203.jpeg,matched,official_match,,not_needed,百適歐膜衣錠５公絲,BISO F.C. TABLETS 5MG,BISOPROLOL FUMARATE 5 MG,already joins official NHI staging,keep_for_review_candidate
AB46766100,AB46766100,1,IMG_7202.JPG,matched,official_match,,not_needed,"""信東"" 革理蔓錠２毫克",GLIMARYL TABLETS 2MG (GLIMEPIRIDE),GLIMEPIRIDE 2 MG,already joins official NHI staging,keep_for_review_candidate
AB57178100,AB57178100,1,IMG_7564.jpeg,matched,official_match,,not_needed,"""生達""壓立安膜衣錠150毫克","Aprotan F.C. Tab. 150mg ""Standard""",IRBESARTAN 150 MG,already joins official NHI staging,keep_for_review_candidate
AB57312100,AB57312100,3,IMG_7391.jpeg,matched,official_match,,not_needed,志樂恆膜衣錠50毫克,"Acarbose F.C. Tablets 50mg ""CYH""",ACARBOSE 50 MG,already joins official NHI staging,keep_for_review_candidate
AB58075100,AB58075100,4,IMG_7290.jpeg; IMG_7658.jpeg; IMG_7660.JPG,matched,official_match,,not_needed,"""生達""壓悅達持續性藥效錠30毫克","Adapine S.R.F.C. Tab. 30mg ""Standard""",NIFEDIPINE 30 MG,already joins official NHI staging,keep_for_review_candidate
AC19420100,AC19420100,2,IMG_7658.jpeg,matched,official_match,,not_needed,"""杏輝"" 痛疏達膜衣錠500毫克（每非那）","PONSTAL F.C. TABLETS 500MG ""SINPHAR"" (MEFENAMIC ACID)",MEFENAMIC ACID 500 MG,already joins official NHI staging,keep_for_review_candidate
AC198951G0,AC198951G0,1,IMG_7367.JPG,matched,official_match,,not_needed,"""榮民""心康寧糖衣錠25毫克(待匹力達)","CARDITONIN S.C. TABLETS 25MG (DIPYRIDAMOLE) ""VPP""",DIPYRIDAMOLE 25 MG,already joins official NHI staging,keep_for_review_candidate
AC40106100,AC40106100,2,IMG_7285.JPG,matched,official_match,,not_needed,欣律錠100毫克,SYNORID TABLETS 100MG,ALLOPURINOL 100 MG,already joins official NHI staging,keep_for_review_candidate
AC414881G0,AC414881G0,4,IMG_7367.JPG; IMG_7562.JPG,matched,official_match,,not_needed,"""正和""暢循持續性膜衣錠400毫克（配妥西菲林）","FYLIN RETARD F.C. TABLETS 400MG ""C.H.""(PENTOXIFYLLINE)",PENTOXIFYLLINE 400 MG,already joins official NHI staging,keep_for_review_candidate
AC414881GO,AC414881GO,2,IMG_7464.jpeg,unmatched,needs_manual_review,,unmatched,,,,does not satisfy strict NHI code pattern and no conservative correction matched official NHI,manual_review_or_exclude
AC415191G0,AC415191G0,6,IMG_7284.JPG; IMG_7508.JPG; IMG_7658.jpeg; IMG_7675.JPG,matched,official_match,,not_needed,"""強生"" 福安源錠０．２５公絲（氟二氮平）","FLUPINE TABLETS 0.25MG (FLUDIAZEPAM) ""JOHNSON""",FLUDIAZEPAM 250 MCG,already joins official NHI staging,keep_for_review_candidate
AC484721GO,AC484721GO,1,IMG_7203.jpeg,unmatched,needs_manual_review,,unmatched,,,,does not satisfy strict NHI code pattern and no conservative correction matched official NHI,manual_review_or_exclude
AC4D106100,AC4D106100,2,IMG_7564.jpeg,unmatched,likely_ocr_confusion,AC40106100,matched,欣律錠100毫克,SYNORID TABLETS 100MG,ALLOPURINOL 100 MG,OCR ambiguity corrected AC4D106100 -> AC40106100,manual_review_corrected_code_then_stage
AC57805100,AC57805100,9,IMG_7282.jpeg; IMG_7284.JPG; IMG_7364.jpeg; IMG_7396.JPG; IMG_7624.jpeg; IMG_7660.JPG; IMG_7721.jpeg,matched,official_match,,not_needed,"""生達"" 立舒脂膜衣錠20毫克","Atorva F.C. Tab. 20mg ""Standard"" (Atorvastatin)",ATORVASTATIN (CALCIUM) 20 MG,already joins official NHI staging,keep_for_review_candidate
AC578051D0,AC578051D0,2,IMG_7627.JPG,unmatched,likely_ocr_confusion,AC57805100,matched,"""生達"" 立舒脂膜衣錠20毫克","Atorva F.C. Tab. 20mg ""Standard"" (Atorvastatin)",ATORVASTATIN (CALCIUM) 20 MG,OCR ambiguity corrected AC578051D0 -> AC57805100,manual_review_corrected_code_then_stage
AC57805L00,AC57805L00,2,IMG_7670.JPG,unmatched,likely_ocr_confusion,AC57805100,matched,"""生達"" 立舒脂膜衣錠20毫克","Atorva F.C. Tab. 20mg ""Standard"" (Atorvastatin)",ATORVASTATIN (CALCIUM) 20 MG,OCR ambiguity corrected AC57805L00 -> AC57805100,manual_review_corrected_code_then_stage
AC58316100,AC58316100,2,IMG_7464.jpeg,matched,official_match,,not_needed,優脂定膜衣錠5毫克,Rosustin Film Coated Tablets 5mg,ROSUVASTATIN CALCIUM 5 MG,already joins official NHI staging,keep_for_review_candidate
AC58534100,AC58534100,2,IMG_7462.JPG,matched,official_match,,not_needed,寬樂醣膜衣錠500毫克,"Metformin F.C. Tablets 500mg ""CYH""",METFORMIN HCL 500 MG,already joins official NHI staging,keep_for_review_candidate
AC585341G0,AC585341G0,6,IMG_7285.JPG; IMG_7364.jpeg; IMG_7721.jpeg,matched,official_match,,not_needed,寬樂醣膜衣錠500毫克,"Metformin F.C. Tablets 500mg ""CYH""",METFORMIN HCL 500 MG,already joins official NHI staging,keep_for_review_candidate
AC585341GD,AC585341GD,1,IMG_7660.JPG,unmatched,needs_manual_review,,unmatched,,,,does not satisfy strict NHI code pattern and no conservative correction matched official NHI,manual_review_or_exclude
AC585341GO,AC585341GO,1,IMG_7655.JPG,unmatched,needs_manual_review,,unmatched,,,,does not satisfy strict NHI code pattern and no conservative correction matched official NHI,manual_review_or_exclude
AC58534L00,AC58534L00,2,IMG_7670.JPG,unmatched,likely_ocr_confusion,AC58534100,matched,寬樂醣膜衣錠500毫克,"Metformin F.C. Tablets 500mg ""CYH""",METFORMIN HCL 500 MG,OCR ambiguity corrected AC58534L00 -> AC58534100,manual_review_corrected_code_then_stage
AC59821100,AC59821100,2,IMG_7462.JPG,matched,official_match,,not_needed,安普新膜衣錠5/160毫克,Exfopine Film-Coated Tablet 5/160mg,VALSARTAN 160 MG+AMLODIPINE BESYLATE 5 MG,already joins official NHI staging,keep_for_review_candidate
AC60134100,AC60134100,10,IMG_7391.jpeg; IMG_7462.JPG; IMG_7564.jpeg; IMG_7656.JPG,matched,official_match,,not_needed,甜蜜克膜衣錠2/500毫克,Temilg F.C. Tablets 2/500mg,GLIMEPIRIDE 2 MG+METFORMIN HCL 500 MG,already joins official NHI staging,keep_for_review_candidate
AC61850100,AC61850100,7,IMG_7282.jpeg; IMG_7367.JPG; IMG_7394.jpeg; IMG_7396.JPG; IMG_7624.jpeg,matched,official_match,,not_needed,服克痛膜衣錠80毫克,Fekuton Film Coated Tablets 80mg,Febuxostat 80 MG,already joins official NHI staging,keep_for_review_candidate
ACS7805100,ACS7805100,2,IMG_7721.jpeg,unmatched,likely_ocr_confusion,AC57805100,matched,"""生達"" 立舒脂膜衣錠20毫克","Atorva F.C. Tab. 20mg ""Standard"" (Atorvastatin)",ATORVASTATIN (CALCIUM) 20 MG,OCR ambiguity corrected ACS7805100 -> AC57805100,manual_review_corrected_code_then_stage
AMLODIPINE,AMLODIPINE,14,IMG_7202.JPG; IMG_7283.JPG; IMG_7285.JPG; IMG_7394.jpeg; IMG_7396.JPG; IMG_7397.JPG; IMG_7464.jpeg; IMG_7624.jpeg; IMG_7627.JPG; IMG_7655.JPG; IMG_7670.JPG; IMG_7721.jpeg,unmatched,false_positive_word,,not_applicable,,,,all-alpha token or known drug word captured by broad regex,exclude_from_nhi_code_candidates
BA24876100,BA24876100,1,IMG_7509.JPG,matched,official_match,,not_needed,美爾胰膜衣錠 2/500 毫克,Amaryl M Film-coated Tablets 2/500mg,GLIMEPIRIDE 2 MG+METFORMIN HCL 500 MG,already joins official NHI staging,keep_for_review_candidate
BC171251G0,BC171251G0,3,IMG_7284.JPG; IMG_7394.jpeg; IMG_7396.JPG,matched,official_match,,not_needed,康肯５毫克,CONCOR 5,BISOPROLOL FUMARATE 5 MG,already joins official NHI staging,keep_for_review_candidate
BC171251GO,BC171251GO,4,IMG_7397.JPG; IMG_7464.jpeg; IMG_7510.jpeg; IMG_7675.JPG,unmatched,needs_manual_review,,unmatched,,,,does not satisfy strict NHI code pattern and no conservative correction matched official NHI,manual_review_or_exclude
BC215311G0,BC215311G0,1,IMG_7396.JPG,matched,official_match,,not_needed,使蒂諾斯膜衣錠１０毫克,STILNOX FILM-COATED SCORED TABLETS 10MG,ZOLPIDEM TARTRATE 10 MG,already joins official NHI staging,keep_for_review_candidate
BC21571100,BC21571100,11,IMG_7202.JPG; IMG_7285.JPG; IMG_7396.JPG; IMG_7464.jpeg; IMG_7624.jpeg; IMG_7655.JPG; IMG_7721.jpeg,matched,official_match,,not_needed,脈優錠５毫克,NORVASC TABLETS 5MG,AMLODIPINE (BESYLATE) 5 MG,already joins official NHI staging,keep_for_review_candidate
BC2157L100,BC2157L100,4,IMG_7394.jpeg; IMG_7627.JPG,unmatched,likely_ocr_confusion,BC21571100,matched,脈優錠５毫克,NORVASC TABLETS 5MG,AMLODIPINE (BESYLATE) 5 MG,OCR ambiguity corrected BC2157L100 -> BC21571100,manual_review_corrected_code_then_stage
BC22889100,BC22889100,4,IMG_7202.JPG; IMG_7509.JPG,matched,official_match,,not_needed,立普妥　膜衣錠４０毫克,LIPITOR FILM-COATED TABLETS 40MG,ATORVASTATIN (CALCIUM) 40 MG,already joins official NHI staging,keep_for_review_candidate
BC24131100,BC24131100,3,IMG_7391.jpeg; IMG_7564.jpeg,matched,official_match,,not_needed,冠脂妥膜衣錠10毫克,CRESTOR 10MG FILM-COATED TABLETS,ROSUVASTATIN CALCIUM 10 MG,already joins official NHI staging,keep_for_review_candidate
BC2413L100,BC2413L100,2,IMG_7285.JPG,unmatched,likely_ocr_confusion,BC24131100,matched,冠脂妥膜衣錠10毫克,CRESTOR 10MG FILM-COATED TABLETS,ROSUVASTATIN CALCIUM 10 MG,OCR ambiguity corrected BC2413L100 -> BC24131100,manual_review_corrected_code_then_stage
BC24403100,BC24403100,1,IMG_7290.jpeg,matched,official_match,,not_needed,活路利淨D 持續釋放口溶錠0.2毫克,Harnalidge D tablets 0.2mg,TAMSULOSIN HCL .2 MG,already joins official NHI staging,keep_for_review_candidate
BC25005100,BC25005100,2,IMG_7510.jpeg,matched,official_match,,not_needed,德國第一三共雅脈 膜衣錠 40 毫克,Olmetec film coated tablets 40mg,OLMESARTAN MEDOXOMIL 40 MG,already joins official NHI staging,keep_for_review_candidate
BC25446100,BC25446100,1,IMG_7203.jpeg,matched,official_match,,not_needed,倍必康平錠80/5毫克,Twynsta Tablets 80/5mg,TELMISARTAN 80 MG+AMLODIPINE (BESYLATE) 5 MG,already joins official NHI staging,keep_for_review_candidate
BC25537100,BC25537100,1,IMG_7202.JPG,matched,official_match,,not_needed,糖漸平膜衣錠 5毫克,Trajenta 5mg Film-Coated Tablets,LINAGLIPTIN 5 MG,already joins official NHI staging,keep_for_review_candidate
BC27467100,BC27467100,1,IMG_7509.JPG,matched,official_match,,not_needed,控糖穩膜衣錠5毫克/10毫克,Qtern 5mg/10mg Film-Coated Tablets,DAPAGLIFLOZIN 10 MG+SAXAGLIPTIN 5 MG,already joins official NHI staging,keep_for_review_candidate
BISOPROLOL,BISOPROLOL,28,IMG_7203.jpeg; IMG_7284.JPG; IMG_7394.jpeg; IMG_7396.JPG; IMG_7397.JPG; IMG_7464.jpeg; IMG_7510.jpeg; IMG_7658.jpeg; IMG_7675.JPG,unmatched,false_positive_word,,not_applicable,,,,all-alpha token or known drug word captured by broad regex,exclude_from_nhi_code_candidates
CARDITONIN,CARDITONIN,6,IMG_7367.JPG,unmatched,false_positive_word,,not_applicable,,,,all-alpha token or known drug word captured by broad regex,exclude_from_nhi_code_candidates
CARVEDILOL,CARVEDILOL,1,IMG_7461.JPG,unmatched,false_positive_word,,not_applicable,,,,all-alpha token or known drug word captured by broad regex,exclude_from_nhi_code_candidates
CLONAZEPAM,CLONAZEPAM,1,IMG_7290.jpeg,unmatched,false_positive_word,,not_applicable,,,,all-alpha token or known drug word captured by broad regex,exclude_from_nhi_code_candidates
CONTROLLED,CONTROLLED,2,IMG_7203.jpeg,unmatched,false_positive_word,,not_applicable,,,,all-alpha token or known drug word captured by broad regex,exclude_from_nhi_code_candidates
DIPHENIDOL;Diphenidol,DIPHENIDOL,8,IMG_7658.jpeg; IMG_7675.JPG,unmatched,false_positive_word,,not_applicable,,,,all-alpha token or known drug word captured by broad regex,exclude_from_nhi_code_candidates
FEBUXOSTAT;Febuxostat,FEBUXOSTAT,6,IMG_7282.jpeg; IMG_7367.JPG; IMG_7394.jpeg; IMG_7396.JPG; IMG_7397.JPG; IMG_7624.jpeg,unmatched,false_positive_word,,not_applicable,,,,all-alpha token or known drug word captured by broad regex,exclude_from_nhi_code_candidates
FOSINOPRIL,FOSINOPRIL,2,IMG_7627.JPG; IMG_7655.JPG,unmatched,false_positive_word,,not_applicable,,,,all-alpha token or known drug word captured by broad regex,exclude_from_nhi_code_candidates
FUROSEMIDE,FUROSEMIDE,3,IMG_7364.jpeg; IMG_7508.JPG,unmatched,false_positive_word,,not_applicable,,,,all-alpha token or known drug word captured by broad regex,exclude_from_nhi_code_candidates
Harnalidge,HARNALIDGE,6,IMG_7290.jpeg,unmatched,false_positive_word,,not_applicable,,,,all-alpha token or known drug word captured by broad regex,exclude_from_nhi_code_candidates
IRBESARTAN,IRBESARTAN,1,IMG_7564.jpeg,unmatched,false_positive_word,,not_applicable,,,,all-alpha token or known drug word captured by broad regex,exclude_from_nhi_code_candidates
ISOSORBIDE,ISOSORBIDE,1,IMG_7203.jpeg,unmatched,false_positive_word,,not_applicable,,,,all-alpha token or known drug word captured by broad regex,exclude_from_nhi_code_candidates
KC01053216,KC01053216,1,IMG_7509.JPG,matched,official_match,,not_needed,諾胰得 諾特筆,Ryzodeg? FlexTouch?,insulin degludec 70 U/ML (UNIT+INSULIN ASPART 30 U/ML (UNIT/ML),already joins official NHI staging,keep_for_review_candidate
KC0L053216,KC0L053216,1,IMG_7510.jpeg,unmatched,likely_ocr_confusion,KC01053216,matched,諾胰得 諾特筆,Ryzodeg? FlexTouch?,insulin degludec 70 U/ML (UNIT+INSULIN ASPART 30 U/ML (UNIT/ML),OCR ambiguity corrected KC0L053216 -> KC01053216,manual_review_corrected_code_then_stage
LOVASTATIN,LOVASTATIN,2,IMG_7658.jpeg; IMG_7675.JPG,unmatched,false_positive_word,,not_applicable,,,,all-alpha token or known drug word captured by broad regex,exclude_from_nhi_code_candidates
METFORMINE,METFORMINE,1,IMG_7655.JPG,unmatched,false_positive_word,,not_applicable,,,,all-alpha token or known drug word captured by broad regex,exclude_from_nhi_code_candidates
NIFEDIPINE,NIFEDIPINE,11,IMG_7290.jpeg; IMG_7510.jpeg; IMG_7656.JPG; IMG_7658.jpeg; IMG_7660.JPG; IMG_7675.JPG,unmatched,false_positive_word,,not_applicable,,,,all-alpha token or known drug word captured by broad regex,exclude_from_nhi_code_candidates
OLMESARTAN,OLMESARTAN,6,IMG_7510.jpeg; IMG_7658.jpeg; IMG_7675.JPG,unmatched,false_positive_word,,not_applicable,,,,all-alpha token or known drug word captured by broad regex,exclude_from_nhi_code_candidates
SC21571100,SC21571100,2,IMG_7670.JPG,unmatched,no_official_match,,unmatched,,,,strict format but no exact official NHI match and no conservative OCR correction matched,manual_review_against_photo_or_drop
TAMSULOSIN,TAMSULOSIN,3,IMG_7290.jpeg,unmatched,false_positive_word,,not_applicable,,,,all-alpha token or known drug word captured by broad regex,exclude_from_nhi_code_candidates
